# How are active users trending?,,,,
# Start date: 20230215,,,,
# End date: 20260215,,,,
Nth day,30 days,7 days,1 day,Views
0,23840,3579,879,10411
1,23654,3605,744,9096
2,23359,3659,495,5068
3,22964,3637,227,2476
4,22755,3774,543,5975
5,22901,3956,1029,11421
6,22722,4083,940,9807
7,21422,4130,930,9969
8,19288,4184,808,8895
9,17144,4194,542,6463
10,15956,4329,417,5386
11,15553,4361,561,5983
12,15723,4364,995,11123
13,15705,4451,1068,12316
14,15102,4418,884,10169
15,14485,4440,845,9732
16,13785,4409,498,5573
17,13173,4337,297,3366
18,13109,4316,507,5581
19,13451,4286,974,10346
20,13725,4267,1057,12218
21,13979,4667,1444,24629
22,13997,4779,1052,15495
23,13871,4765,521,6949
24,13562,4714,241,3839
25,13480,4489,220,3168
26,13505,4033,342,5762
27,13547,3504,384,6636
28,13395,2648,365,6413
29,13116,1977,284,4351
30,12737,1763,270,4062
31,12564,1823,325,5217
32,12529,2036,478,7560
33,13078,2818,1260,19003
34,13472,3628,1421,22259
35,13700,4394,1431,22441
36,13811,5031,1261,19634
37,13648,5352,836,12590
38,13411,5440,445,6293
39,13462,5623,710,11158
40,13942,5801,1513,25275
41,14379,5939,1589,25843
42,14721,6234,1703,29492
43,14888,6413,1543,25298
44,14844,6465,950,16054
45,14658,6499,513,7368
46,14701,6504,766,12376
47,15740,7288,2489,44664
48,16755,8186,2896,51727
49,17497,8926,2988,54735
50,17855,9192,2201,37850
51,17682,9289,1255,21076
52,17569,9453,805,13922
53,17724,9654,1081,19228
54,18727,9960,2850,53571
55,20130,10610,3945,78045
56,21412,11213,4119,86302
57,22482,11892,3636,73077
58,23093,12311,2102,39251
59,23318,12373,1057,19558
60,24197,13482,2983,66662
61,25707,14707,4743,101513
62,26882,14794,4224,84183
63,27679,14311,3741,77268
64,28142,13618,3030,62809
65,28296,13367,1935,37261
66,28087,13169,675,9181
67,28042,12298,934,11723
68,28382,10911,1677,21360
69,28663,9386,1461,19020
70,28645,8060,1276,16906
71,28567,7037,1214,13722
72,28318,6237,690,8170
73,27933,5933,294,3841
74,27911,5861,805,9407
75,28278,5796,1555,19471
76,28589,5808,1409,16694
77,28428,5898,1418,16172
78,28128,5929,1289,15549
79,27705,6210,1052,11530
80,27443,6635,978,10906
81,27478,6947,1206,13494
82,27823,6981,1576,17670
83,28173,7074,1426,16271
84,27852,6974,1280,14067
85,27131,6978,1261,14766
86,26094,6918,957,10541
87,24987,6670,541,7038
88,24440,6298,616,7635
89,24467,5706,860,10925
90,24119,5351,952,13139
91,22763,4794,612,8492
92,21309,4207,567,9111
93,20145,3863,521,7088
94,19007,3738,379,5623
95,18383,3577,393,4798
96,18305,3323,546,6952
97,18144,2937,497,7109
98,17603,2757,395,6003
99,17158,2615,382,4991
100,16729,2452,306,4095
101,16171,2332,222,2931
102,15957,2194,212,3129
103,15952,1977,266,3557
104,15879,1945,451,5831
105,15271,1913,390,5339
106,14739,1893,353,5139
107,14196,1870,301,3855
108,13596,1871,220,2299
109,13180,1968,306,3894
110,12924,2092,403,5529
111,12496,2049,400,4793
112,11815,2133,480,5494
113,11261,2262,510,6487
114,10681,2378,451,5018
115,9941,2360,219,2740
116,9550,2405,348,4662
117,9523,2481,488,6343
118,9546,2684,625,9679
119,9340,2736,585,8205
120,9011,2729,531,7401
121,8854,2690,449,7054
122,8644,2736,294,3319
123,8531,2762,380,4376
124,8790,3004,785,11599
125,8895,2946,564,8866
126,8868,2886,497,7807
127,8890,2875,508,7038
128,8895,2879,441,5981
129,8843,2864,264,3479
130,8895,2844,354,5770
131,9145,2703,608,9009
132,9319,2645,504,7716
133,9434,2647,485,7600
134,9425,2611,468,5781
135,9405,2531,353,4882
136,9273,2484,188,2509
137,9171,2381,189,2615
138,9138,2088,236,4759
139,9056,1817,168,1725
140,8999,1687,341,5204
141,9019,1655,428,6741
142,8886,1634,344,4242
143,8700,1660,221,3637
144,8578,1734,277,3530
145,8763,1972,489,6822
146,8813,2242,515,7351
147,8840,2386,514,8061
148,8722,2435,483,7750
149,8634,2489,427,5885
150,8474,2505,260,4053
151,8397,2531,321,4793
152,8568,2595,573,9868
153,8666,2652,567,9649
154,8472,2623,524,8244
155,8378,2543,412,6705
156,8322,2455,334,5694
157,8161,2433,230,3745
158,8091,2413,300,5144
159,8257,2346,479,7381
160,8570,2532,714,8967
161,8489,2548,522,9010
162,8501,2627,515,7789
163,8457,2696,425,5935
164,8323,2729,278,4220
165,8295,2754,325,4428
166,8538,2821,534,7983
167,8746,2656,510,7502
168,8880,2641,506,7405
169,9091,2594,454,7167
170,9166,2570,423,5508
171,9052,2560,281,3510
172,8995,2523,284,3992
173,9182,2554,567,7901
174,9402,2631,565,8637
175,9257,2470,291,4207
176,8961,2127,27,204
177,8849,2017,290,3422
178,8722,2043,309,4228
179,8743,2140,375,5485
180,8999,2196,657,10249
181,9159,2181,589,9978
182,9178,2394,574,9072
183,9238,2809,566,9708
184,9276,2952,479,7195
185,9241,2972,347,5386
186,9301,3019,427,6238
187,9586,3063,661,10107
188,9784,3109,624,8994
189,9865,3112,604,8197
190,9728,3119,573,8417
191,9642,3115,462,6823
192,9568,3126,340,5320
193,9597,3122,425,5748
194,9919,3184,737,10584
195,10169,3211,667,9411
196,10316,3334,754,10124
197,10606,3537,834,11130
198,10887,3883,868,11637
199,10864,3991,484,5966
200,11193,4466,1008,14406
201,11889,4922,1357,20728
202,14020,7147,3471,53202
203,16991,10407,5330,74174
204,19087,12660,4794,63125
205,19699,13065,1765,22841
206,20008,13087,744,10839
207,20358,13122,1218,18796
208,21200,13508,2318,32168
209,21803,12621,1952,28308
210,22368,10579,1803,24471
211,22585,8227,1363,15097
212,22566,7605,767,8705
213,22424,7344,282,2659
214,22294,6939,503,5296
215,22547,6104,975,10611
216,22677,5412,883,9530
217,22714,4717,889,10147
218,22713,4241,769,9481
219,22625,4023,473,5096
220,22480,4008,249,2431
221,22501,4003,471,4766
222,22690,3904,853,9234
223,22995,3970,988,10431
224,23019,3975,913,10473
225,23034,4026,800,9150
226,22983,4053,523,5069
227,22779,4109,343,3928
228,22621,4178,551,5605
229,22830,4296,1018,11288
230,22896,4384,1040,11089
231,22807,4539,1162,12541
232,21602,4670,958,10933
233,19374,4668,519,5796
234,17042,4594,258,2759
235,16437,4630,594,6190
236,16684,4747,1142,13242
237,16680,4791,1148,13245
238,16106,4799,1188,13440
239,15613,4801,962,11003
240,14852,4825,526,6337
241,14249,4781,231,2656
242,13986,4686,481,5166
243,14295,4567,984,12195
244,14656,4581,1156,14466
245,15877,6082,3030,61896
246,16532,6970,2408,41279
247,16754,7415,1323,19263
248,16634,7622,607,8506
249,16719,7844,882,13207
250,17566,8430,2051,32431
251,18186,8985,2078,32843
252,18710,8509,2030,33997
253,18953,8055,1671,26442
254,18874,7712,786,10221
255,18749,7524,361,5101
256,18808,7450,740,11055
257,19410,7395,1828,29539
258,19958,7159,1825,29568
259,20263,7017,1790,30316
260,20499,7063,1714,26887
261,20456,7252,1100,16454
262,20260,7354,580,9254
263,20435,7522,919,14645
264,21666,8608,3187,59560
265,22724,9507,3351,60663
266,23321,10239,2974,48817
267,23710,10652,2480,39262
268,23765,10887,1526,23765
269,23779,11083,831,12960
270,24164,11407,1551,38315
271,25596,11935,3970,73107
272,27514,13224,5503,119067
273,29280,14783,5933,130738
274,30281,15809,4272,83200
275,30280,16379,2852,54426
276,29829,16465,1029,20892
277,30192,17069,2561,60757
278,31014,16829,3203,66894
279,31520,15167,2353,47823
280,31434,12369,1717,34650
281,30852,10080,565,8218
282,30403,8669,622,8720
283,30013,8494,622,11040
284,30179,7786,1227,21582
285,31146,7662,3063,65377
286,31862,7757,2585,44098
287,32117,8254,2690,50665
288,32212,9078,2044,34065
289,32006,9287,1063,13530
290,31598,9255,499,6103
291,31478,9059,736,9204
292,31747,8272,1570,20495
293,32022,7745,1598,20519
294,31735,6973,1530,19457
295,31315,6589,1388,17081
296,30787,6569,1084,13490
297,30320,6596,648,7677
298,30126,6768,875,10636
299,30429,6916,1700,20115
300,30652,7100,1772,21295
301,30007,7224,1703,20263
302,28468,7307,1531,18908
303,26609,7669,1581,17877
304,25374,8079,1240,14213
305,24644,8357,1258,16063
306,25096,8417,1662,20521
307,24878,8303,1589,19282
308,24282,8151,1542,18921
309,23945,7970,1176,13811
310,23695,7535,958,12049
311,23853,7291,882,12675
312,23922,6872,708,9110
313,24106,6156,685,10407
314,24064,5460,694,12997
315,23093,4697,592,9135
316,22268,4201,580,8265
317,21302,3817,461,6116
318,20506,3434,403,6564
319,20172,3113,291,4035
320,20130,2892,393,5761
321,20093,2791,572,7931
322,19659,2747,526,7962
323,19242,2751,582,8407
324,18785,2731,460,6348
325,18243,2679,350,5144
326,17975,2769,404,6578
327,18000,2945,604,8221
328,17994,3031,693,11163
329,17489,3114,674,10148
330,16895,3210,739,11211
331,16395,3351,661,10788
332,15857,3431,447,7359
333,15156,3543,515,6929
334,14852,3660,722,11118
335,14702,3903,971,14947
336,14246,4176,1029,16835
337,13884,4491,1150,18246
338,13594,4913,1235,18504
339,13457,5232,917,14163
340,13698,5871,1385,20125
341,15453,8030,3582,55290
342,18629,11657,5934,90034
343,20855,14079,5514,80128
344,21750,14925,3204,46721
345,22085,15017,1706,22737
346,22114,14892,810,11150
347,22290,14795,1367,19204
348,23019,14167,2537,34386
349,23770,12137,2260,32009
350,24259,9921,1942,27864
351,24529,8649,1279,13894
352,24554,8109,706,7960
353,24480,7899,360,3720
354,24462,7413,503,5017
355,24672,6362,975,9931
356,24825,5503,985,10283
357,24986,4750,915,11067
358,25027,4402,813,8681
359,24944,4238,465,5056
360,24683,4164,288,2873
361,24589,4091,397,4739
362,24731,4040,852,10568
363,24915,4043,985,12145
364,24919,3958,828,8969
365,24910,4039,926,10324
366,24906,4240,704,6039
367,24722,4450,515,5228
368,24609,4767,793,7890
369,24921,5115,1268,13214
370,24977,5304,1186,12938
371,24046,5599,1227,14695
372,22025,5699,1059,10785
373,19857,5644,670,6507
374,18525,5620,478,4166
375,18145,5524,689,6957
376,18368,5379,1104,12682
377,18243,5266,1063,12073
378,17601,5186,1118,12066
379,16770,4983,825,9758
380,16005,4850,512,5870
381,15541,4732,336,3474
382,15383,4559,472,5447
383,15603,4409,899,9680
384,15821,4355,990,12639
385,15880,4335,1156,13968
386,15757,4347,870,10971
387,15554,4343,498,5724
388,15298,4291,308,3866
389,15268,4272,436,4862
390,15559,4295,923,11557
391,15852,4296,982,12010
392,16502,5037,2053,39282
393,16847,5630,1810,35010
394,16981,5963,1074,17851
395,16726,6023,470,7226
396,16663,6267,779,11066
397,17191,6830,1784,28568
398,17587,7274,1818,29191
399,17597,6924,1418,22108
400,17317,6384,1015,14968
401,17000,6088,514,6860
402,16528,5960,309,5139
403,16337,5657,295,5318
404,16204,4694,370,6595
405,16034,3647,390,6387
406,15704,2783,395,6891
407,15443,2268,433,8143
408,14959,2147,387,7063
409,14772,2212,393,6197
410,14806,2450,558,9714
411,15984,4423,2599,47008
412,17277,6481,3268,62173
413,18286,8255,3153,58454
414,18787,9439,2597,46654
415,18834,9993,1538,26436
416,18723,10135,850,13428
417,19040,10627,1473,27420
418,20160,11071,3236,61429
419,21776,11973,4562,94368
420,23245,13104,5205,109203
421,24290,14137,4784,104971
422,24553,14739,2862,54451
423,24505,15138,1627,33230
424,24674,15466,2001,38653
425,26081,16353,4433,89974
426,27245,16087,4240,89379
427,27818,15053,3850,77802
428,28060,13830,3067,64368
429,28048,13038,1710,29529
430,27907,12450,595,8349
431,27999,12086,845,10181
432,28283,10690,1613,21613
433,28652,9354,1467,19597
434,28954,7972,1374,16517
435,29195,6831,1136,14048
436,29324,6193,685,7699
437,29283,5992,279,2960
438,29355,5848,627,7458
439,29654,5658,1345,15434
440,29887,5638,1444,18260
441,29848,5697,1513,18852
442,29478,5824,1337,16129
443,29097,6066,1146,13941
444,28726,6510,977,11131
445,28666,6822,1157,13544
446,29016,6875,1472,16572
447,29229,6967,1462,17868
448,29030,6852,1336,16763
449,28127,6884,1359,16071
450,26558,6795,906,10620
451,24970,6532,589,6994
452,24144,6194,601,7482
453,24010,5788,936,12396
454,23870,5391,966,13576
455,22651,4949,722,9109
456,21369,4337,621,9496
457,20034,4032,490,6801
458,18775,3846,325,4792
459,18146,3675,380,5777
460,18120,3387,564,7154
461,18022,3055,527,7055
462,17538,2840,460,5658
463,17092,2679,414,5565
464,16539,2540,309,4191
465,16121,2448,215,2356
466,15955,2355,263,3385
467,15967,2142,304,3488
468,15913,2056,421,5997
469,15436,1983,382,5207
470,14925,1946,375,5649
471,14323,1986,364,4841
472,13783,2030,270,3545
473,13373,2024,254,3494
474,13102,2140,454,6730
475,12804,2252,558,7689
476,12256,2306,481,6478
477,11544,2365,465,6930
478,10905,2344,377,5470
479,10113,2292,214,3614
480,9710,2316,283,3488
481,9613,2355,470,5953
482,9496,2292,479,7205
483,9157,2265,444,6820
484,8796,2318,505,7488
485,8597,2360,427,5817
486,8363,2433,296,4191
487,8292,2516,402,5489
488,8490,2693,667,9058
489,8570,2744,555,8132
490,8496,2798,522,7134
491,8454,2752,468,7347
492,8412,2721,415,5910
493,8327,2670,234,2994
494,8367,2652,384,5190
495,8549,2581,542,8776
496,8690,2554,511,7307
497,8809,2537,485,6893
498,8845,2518,458,7001
499,8792,2433,338,4549
500,8712,2416,199,2819
501,8636,2333,278,3782
502,8744,2255,428,5635
503,8861,2206,453,7245
504,8794,2080,327,4215
505,8539,1889,199,2517
506,8408,1814,254,3319
507,8267,1841,211,3179
508,8217,1861,305,4832
509,8422,1930,523,8190
510,8590,2037,560,9516
511,8668,2177,487,8072
512,8647,2396,509,6677
513,8641,2528,409,5491
514,8499,2556,236,3880
515,8385,2548,281,4036
516,8549,2576,526,8431
517,8652,2557,547,8666
518,8586,2562,512,8905
519,8519,2522,482,7677
520,8460,2497,403,6354
521,8368,2469,235,3256
522,8249,2469,290,4379
523,8489,2486,552,10231
524,8575,2487,559,10282
525,8538,2476,537,9319
526,8575,2514,533,8751
527,8494,2502,395,6104
528,8332,2501,233,2967
529,8313,2531,290,4047
530,8502,2560,536,8803
531,8603,2527,501,8258
532,8580,2466,453,7839
533,8585,2394,469,6578
534,8595,2349,347,5174
535,8607,2334,243,3288
536,8646,2334,312,4831
537,8845,2335,504,7110
538,9021,2395,520,7654
539,9033,2482,565,9561
540,9011,2521,508,7390
541,9059,2667,516,7933
542,8942,2714,291,4687
543,8900,2759,364,5638
544,9159,2856,643,12537
545,9388,2907,609,13314
546,9493,2977,678,10817
547,9521,3015,592,10645
548,9500,2964,496,7933
549,9384,2982,339,5400
550,9434,3024,408,6993
551,9652,3068,676,10666
552,9832,3077,598,10145
553,9857,3003,583,9193
554,9872,2984,566,9292
555,9936,3035,558,7993
556,9837,3072,370,5072
557,9821,3128,429,5474
558,10180,3236,780,10683
559,10425,3345,722,10999
560,10665,3529,826,11949
561,10952,3799,926,13295
562,11112,3900,741,10951
563,11267,4156,722,9838
564,11572,4506,884,12346
565,12345,5045,1421,19818
566,14395,7333,3583,53813
567,17988,11195,6030,87504
568,20150,13521,5422,76371
569,20615,13970,1939,26382
570,20560,13914,711,10039
571,20839,14046,1473,20039
572,21681,14406,2711,37975
573,22343,13804,2583,37559
574,22859,11791,2228,34894
575,23178,9519,1604,19121
576,23096,8818,881,10989
577,22948,8605,279,2708
578,22901,8091,544,5822
579,23086,7022,998,9863
580,23321,6039,1011,10210
581,23424,5142,1008,11041
582,23495,4594,871,10209
583,23418,4307,513,5067
584,23382,4341,322,3143
585,23330,4339,512,5115
586,23555,4294,930,9822
587,23765,4234,964,10674
588,23809,4212,984,11186
589,23791,4305,962,11232
590,23692,4329,538,5213
591,23430,4348,382,4127
592,23336,4414,614,6581
593,23487,4549,1092,11130
594,23633,4704,1132,12912
595,23465,4791,1093,11662
596,22515,4811,970,10719
597,20395,4879,634,6869
598,18088,4872,357,3754
599,17526,4901,657,7446
600,17754,4974,1194,14279
601,17727,5058,1265,15216
602,17144,5134,1239,13837
603,16442,5156,1017,11412
604,15498,5090,548,6850
605,14771,5066,375,4418
606,14639,5002,588,6310
607,15060,5039,1165,16292
608,15460,5112,1334,18047
609,15579,5057,1228,16684
610,15532,5110,1122,15708
611,16053,6210,2021,45006
612,16001,6478,919,17199
613,16359,6901,1214,19362
614,17334,7928,2727,51794
615,18408,8933,2922,53656
616,19152,9786,2775,49735
617,19623,10333,2144,38485
618,19639,9958,1225,19079
619,19355,9712,502,7687
620,19483,9546,881,14444
621,20013,9148,1927,34521
622,20554,8536,2107,35439
623,20869,8019,1837,30564
624,20872,7589,1491,22055
625,20737,7366,909,14049
626,20517,7402,525,8206
627,20503,7324,846,13640
628,21318,7965,2722,51203
629,22070,8501,2901,53420
630,22505,8869,2487,44113
631,22985,9489,2589,46877
632,23113,9956,1671,28716
633,23133,10247,1034,18888
634,23547,10688,1758,31519
635,25105,12284,4842,100959
636,27199,14585,6745,151923
637,28852,16533,6962,157889
638,29764,17569,5000,99569
639,30381,18315,3524,72548
640,30533,18517,1798,39209
641,30669,19011,2614,54291
642,31684,19288,4829,107746
643,32560,18097,4857,105041
644,33156,16414,4608,102525
645,33252,15399,3521,73922
646,33180,14705,2163,39221
647,32880,14126,758,11354
648,32799,13617,1048,16857
649,33168,12085,1639,28935
650,33207,10180,870,11555
651,32891,7879,549,7323
652,32476,5723,326,3935
653,32171,4395,338,4561
654,31849,4183,409,5396
655,31794,3916,568,6412
656,32009,3802,1451,18998
657,32191,4250,1432,18068
658,31965,4952,1548,18499
659,31629,5727,1448,17717
660,31324,6216,1171,15624
661,30820,6363,630,8318
662,30703,6574,882,10062
663,30948,6869,1742,20054
664,31102,7291,1919,22802
665,30393,7437,1811,21522
666,28718,7571,1580,18002
667,26855,7886,1698,20788
668,25442,8212,1244,15961
669,24674,8449,1300,15409
670,24642,8423,1742,20042
671,24533,8216,1591,20210
672,23656,8053,1547,18912
673,22599,7856,1315,15922
674,21478,7480,1050,13265
675,20458,7223,845,11224
676,19882,6968,890,13053
677,20002,6407,952,13725
678,19789,5675,529,7476
679,19178,4811,390,5561
680,19034,4203,521,7471
681,18968,3802,521,8386
682,19009,3450,390,5701
683,19052,3128,456,6672
684,19115,2745,472,6762
685,19018,2557,291,5050
686,18712,2534,375,5017
687,18394,2556,547,8549
688,17758,2332,225,2679
689,17165,2040,28,243
690,16635,1675,22,356
691,16770,1929,723,11959
692,16771,2299,717,10991
693,16329,2603,759,11418
694,15622,2658,640,10737
695,15121,2952,615,9032
696,14500,3256,457,7378
697,13929,3684,609,9269
698,13880,3909,986,14796
699,13880,4217,1099,18643
700,13540,4559,1187,18340
701,13353,4989,1213,19488
702,13116,5443,1275,19520
703,12938,5838,1013,15771
704,13097,6419,1402,20978
705,14738,8322,3541,56923
706,17978,11910,6351,101410
707,20166,14401,6010,92879
708,21292,15457,3822,57835
709,21721,15598,2000,27753
710,21772,15543,894,11205
711,22039,15566,1475,23159
712,22780,15027,2909,40644
713,23205,12926,2313,32022
714,23672,10633,2176,33446
715,24022,9305,1506,18059
716,24109,8688,898,10741
717,24016,8432,364,3593
718,24152,8025,612,6298
719,24489,6895,1037,12124
720,24777,6090,1095,11564
721,24881,5263,1040,11862
722,24890,4849,924,10378
723,24781,4590,568,6475
724,24665,4540,336,4120
725,24601,4430,437,4775
726,24735,4404,958,10603
727,24829,4328,1017,10916
728,24790,4291,965,10099
729,24724,4250,899,9239
730,24503,4184,477,4541
731,24133,4121,260,2702
732,23906,4192,525,5544
733,23931,4352,1160,12570
734,23866,4417,1084,11494
735,22998,4532,1151,14554
736,21114,4623,1028,13855
737,18862,4723,653,8800
738,17433,4840,459,5712
739,16847,4953,692,9892
740,16973,4992,1212,14721
741,16959,5098,1188,15403
742,16205,5126,1187,14585
743,15601,5113,1008,12450
744,14914,5101,621,6958
745,14362,5044,373,6467
746,14189,4950,542,6520
747,14401,4808,1038,13131
748,14644,4747,1122,14897
749,14533,4630,1053,12830
750,14439,4533,922,12112
751,14301,4519,624,7527
752,13956,4523,365,4832
753,13929,4539,558,7524
754,14235,4551,1024,12206
755,14468,4502,1090,15255
756,15363,5804,2745,60737
757,15762,6525,2199,40190
758,15702,6739,1121,18239
759,15548,6827,578,8618
760,15609,6948,860,15470
761,16275,7491,2009,34698
762,16785,7954,1970,34161
763,16873,7365,1610,26069
764,16905,6728,1099,16697
765,16687,6456,563,8273
766,16409,6320,321,6133
767,16275,6052,322,4704
768,16253,5058,440,8192
769,16138,3968,434,7990
770,15838,2977,428,7465
771,15504,2414,442,8199
772,15134,2286,393,6098
773,14867,2373,441,7508
774,14847,2652,648,10721
775,15840,4417,2495,45545
776,16908,6664,3536,68498
777,17618,8173,3078,55915
778,18070,9350,2687,48196
779,18224,9907,1573,26215
780,18127,10100,891,15871
781,18427,10560,1536,27615
782,19704,11425,3744,76393
783,21184,12292,4731,98745
784,22465,13396,5437,117477
785,23540,14391,4807,101918
786,23667,14860,2610,47764
787,23564,15229,1689,34570
788,23874,15590,2152,40292
789,25073,16326,4570,102675
790,25930,15975,4219,89345
791,26217,14609,3421,63587
792,26606,13403,3254,66371
793,26727,13100,2295,42231
794,26669,12733,987,16503
795,26780,12325,921,12262
796,27162,11187,2066,29314
797,27450,9894,1693,22505
798,27646,8893,1347,17830
799,27706,7678,1116,13753
800,27786,6799,840,10436
801,27760,6397,335,5144
802,27809,6260,715,8558
803,28104,5842,1396,16498
804,28368,5715,1515,18284
805,28331,6030,1830,23395
806,27975,6526,1816,22522
807,27752,6801,1273,14926
808,27441,7232,1170,13589
809,27523,7761,1445,15776
810,27811,8030,1737,19024
811,27923,8019,1495,18123
812,27658,7981,1571,19040
813,26887,7510,1218,15073
814,25406,7447,1128,13691
815,23993,7139,678,8608
816,23483,6583,639,8666
817,23363,6064,1021,13895
818,23267,5785,1072,15352
819,22260,5168,747,10848
820,21250,4760,699,11076
821,20366,4331,548,7363
822,19266,4102,364,5541
823,18539,3922,400,5368
824,18463,3657,646,8523
825,18355,3238,514,6804
826,17762,3015,455,6517
827,17262,2789,439,5574
828,16923,2612,326,4016
829,16600,2496,215,3033
830,16395,2365,248,3045
831,16385,2115,315,4306
832,16364,2088,460,6220
833,15978,2076,451,5794
834,15459,2000,364,5087
835,14802,2024,349,4700
836,13964,2020,199,2081
837,13548,2045,276,4168
838,13188,2148,427,6951
839,12732,2202,543,8396
840,12020,2259,550,8278
841,11435,2319,459,5886
842,10679,2298,333,4264
843,10148,2324,227,2829
844,9685,2349,284,3255
845,9570,2358,414,5610
846,9452,2317,467,6326
847,9105,2237,441,6920
848,8714,2230,454,7090
849,8474,2270,386,5537
850,8212,2304,269,3507
851,8101,2368,376,5465
852,8289,2566,643,8440
853,8402,2691,609,8036
854,8312,2758,556,8089
855,8303,2759,451,6408
856,8260,2725,379,5378
857,8091,2682,219,3477
858,8092,2610,294,4976
859,8269,2501,510,8377
860,8397,2416,483,6414
861,8485,2312,447,6659
862,8479,2313,452,6716
863,8415,2289,330,4348
864,8332,2287,204,2331
865,8257,2265,268,3656
866,8362,2170,404,5658
867,8479,2172,464,6675
868,8490,2138,423,6383
869,8315,1994,311,4765
870,8084,1862,169,1974
871,7892,1835,177,2217
872,7844,1836,253,3419
873,8016,1937,521,8561
874,8142,1960,503,8692
875,8193,2025,510,7596
876,8184,2154,479,8192
877,8101,2289,367,5761
878,7929,2343,237,3035
879,7848,2383,313,4273
880,8004,2465,598,8896
881,8150,2548,585,8783
882,8120,2634,600,8531
883,8078,2663,511,8393
884,7976,2661,378,5484
885,7855,2673,244,3532
886,7827,2656,313,4926
887,8006,2639,555,8230
888,8178,2655,604,8868
889,8191,2602,535,9118
890,8194,2554,476,7117
891,8145,2549,391,5267
892,8014,2579,277,3977
893,8001,2593,324,4955
894,8234,2632,601,9695
895,8387,2597,575,9448
896,8454,2614,527,7693
897,8480,2618,496,8056
898,8492,2612,407,6653
899,8450,2592,261,3714
900,8541,2619,345,5949
901,8780,2601,557,8833
902,8957,2605,573,9330
903,9021,2663,612,9386
904,9019,2712,552,7402
905,9014,2767,467,7719
906,8912,2807,332,5353
907,8940,2858,393,6865
908,9159,2922,608,9387
909,9398,2987,650,11058
910,9452,3005,628,9776
911,9493,3011,592,10045
912,9382,2976,451,8281
913,9282,2970,355,5252
914,9250,2944,366,5308
915,9473,2943,600,9156
916,9694,2965,632,9013
917,9766,2980,651,9528
918,9766,3043,675,10614
919,9788,3120,551,8807
920,9728,3184,398,6049
921,9770,3263,444,6429
922,10035,3352,706,9400
923,10354,3458,756,10983
924,10501,3625,836,11426
925,10585,3622,720,9355
926,10845,3972,999,13146
927,10985,4234,723,10783
928,11289,4600,919,13541
929,11947,5119,1438,22170
930,13805,7091,3379,53472
931,17183,10932,6155,91933
932,19322,13411,5440,78582
933,19729,13768,2103,28939
934,19687,13680,690,10737
935,19931,13821,1410,21514
936,20692,14285,2856,40914
937,21438,13780,2675,39150
938,21881,11715,2224,33634
939,22096,9365,1466,16616
940,22076,8695,793,10521
941,21928,8517,348,3570
942,21985,8068,531,5131
943,22101,6939,1030,11706
944,22254,5925,1063,11675
945,22410,5017,977,11291
946,22457,4573,834,9056
947,22394,4370,535,6355
948,22212,4340,289,3043
949,22156,4328,494,4640
950,22304,4260,958,9846
951,22473,4251,1025,12231
952,22568,4341,1097,12569
953,22556,4452,980,11143
954,22510,4501,620,7025
955,22443,4588,404,4348
956,22247,4677,636,6468
957,22446,4843,1186,13393
958,22544,4946,1161,13013
959,22452,4981,1144,12972
960,21720,5074,1060,12001
961,19629,5079,603,6295
962,17547,5026,367,3940
963,17055,5070,684,7946
964,17261,5098,1235,13829
965,17282,5239,1294,15733
966,16681,5327,1287,16380
967,15971,5314,1059,12692
968,15172,5275,600,7836
969,14647,5209,261,2884
970,14441,5104,567,6246
971,14772,5083,1233,16247
972,15102,5063,1312,18777
973,16427,7068,3906,88825
974,17249,8239,2982,54019
975,17516,8690,1490,24832
976,17384,8864,604,10012
977,17571,9068,1074,15441
978,18339,9719,2487,43810
979,18978,10318,2475,41104
980,19565,9725,2571,43763
981,19992,9275,2281,34052
982,20028,9078,1143,15657
983,19959,9103,589,8004
984,20027,9021,854,11246
985,20514,8852,2064,30643
986,20997,8772,2270,36525
987,21232,8393,2002,30539
988,21242,7865,1478,23119
989,21023,7611,833,10463
990,20855,7514,466,6978
991,20858,7508,822,11699
992,21741,8294,3055,54182
993,22695,9185,3492,63098
994,23399,9863,3137,53947
995,23772,10574,2858,47427
996,23830,11026,1804,28213
997,23749,11158,814,13915
998,24031,11557,1651,31425
999,25441,12631,4532,89783
1000,27149,14196,6234,133854
1001,29037,16199,7172,153362
1002,29963,17385,5487,106343
1003,30007,18053,3675,72270
1004,29853,18577,2202,45607
1005,29968,19076,2483,46632
1006,30947,19247,4877,101363
1007,31743,18351,4324,85652
1008,32219,16493,4321,85118
1009,32814,15684,3965,65714
1010,32694,14743,1985,33545
1011,32344,14085,663,8227
1012,32167,13544,863,11091
1013,32357,11877,1545,21178
1014,32380,10124,899,10144
1015,32063,8065,528,6446
1016,31549,5437,270,2996
1017,31104,4227,340,3291
1018,30974,4042,409,4590
1019,30911,3811,513,5248
1020,31177,3757,1427,16754
1021,31388,4339,1598,19107
1022,31048,5059,1511,17838
1023,30695,5898,1467,17363
1024,30256,6218,952,10504
1025,29769,6316,550,5580
1026,29560,6565,862,10191
1027,29801,6804,1739,22413
1028,30032,7104,2060,26530
1029,29591,7406,1950,23125
1030,28226,7420,1604,18449
1031,26260,7934,1635,18922
1032,24870,8417,1375,15902
1033,24156,8669,1329,15809
1034,24059,8737,1756,20225
1035,23936,8432,1571,19899
1036,23023,8137,1479,18727
1037,22156,7855,1148,14345
1038,21174,7399,1050,14156
1039,19817,7056,879,11622
1040,19277,6774,828,12455
1041,19464,6248,1005,14836
1042,19283,5566,634,9553
1043,18814,4757,415,5522
1044,18539,4149,330,4641
1045,18539,3686,417,5974
1046,18583,3319,377,5211
1047,18573,2945,351,4913
1048,18621,2484,437,6921
1049,18610,2326,438,6569
1050,18139,2210,275,3853
1051,17550,2175,278,3843
1052,17108,2144,389,5668
1053,16661,2122,352,4574
1054,16424,2183,419,6161
1055,16504,2366,648,8313
1056,16445,2479,580,8563
1057,16051,2746,628,9655
1058,15487,3058,676,9477
1059,14766,3217,597,9458
1060,14256,3300,468,6821
1061,13610,3431,570,7823
1062,13435,3619,895,12792
1063,13311,3978,1017,15911
1064,13031,4292,1068,16262
1065,12688,4594,1111,16442
1066,12526,5070,1240,18191
1067,12354,5444,976,14539
1068,12493,5979,1326,20194
1069,13915,7736,3229,46049
1070,17064,11465,6167,94861
1071,18957,13648,5478,77972
1072,19821,14391,3184,47410
1073,20059,14310,1233,16987
1074,20138,14132,845,11608
1075,20394,14129,1405,17946
1076,21243,13815,2728,39439
1077,21816,11834,2360,35057
1078,22354,9672,2122,32460
1079,22564,8632,1429,17341
1080,22802,8450,890,11540
1081,22799,8239,376,3785
1082,22839,7773,533,5171
1083,22989,6815,1104,11122
1084,23274,6003,1121,11904
1085,23354,5250,1034,10903
1086,23452,4945,983,9980
1087,23382,4671,534,5420
1088,23209,4445,67,608
1089,23010,4063,6,21
1090,22873,3253,17,64
1091,22639,2376,10,55
1092,22307,1502,7,29
1093,21980,614,7,42
1094,21515,105,4,8
1095,21048,42,0,1
1096,20725,352,318,3654